{
  "model": "pretrained_neurovlm_mlp",
  "n_test_pmids": 2987,
  "exact_pmid_paper_recall_curve_auc": 0.8337094187736511,
  "exact_pmid_normalized_k_recall_curve_auc": 0.8337094187736511,
  "exact_pmid_mean_paper_recall_curve_auc": 0.8351574242115021,
  "exact_pmid_mean_normalized_k_recall_curve_auc": 0.8351574242115021,
  "exact_pmid_recall@1": 0.010378305800259113,
  "exact_pmid_recall@5": 0.05189153179526329,
  "exact_pmid_recall@10": 0.09306997060775757,
  "exact_pmid_recall@50": 0.24137930572032928,
  "exact_pmid_mrr": 0.03966842219233513,
  "exact_pmid_median_rank": 217.0,
  "mesh_paper_recall_curve_auc": 0.9026750922203064,
  "mesh_normalized_k_recall_curve_auc": 0.9026750922203064,
  "mesh_recall@5": 0.11959183673469388,
  "mesh_recall@10": 0.17551020408163265,
  "mesh_map": 0.023104685187092706,
  "mesh_mrr": 0.08431164401859435,
  "mesh_median_best_true_term_rank": 131.5,
  "semantic_recall@10": 0.23133578841647137,
  "semantic_recall@50": 0.4864412453967191,
  "semantic_mrr": 0.10661012639809618,
  "semantic_paper_style_recall_curve_auc": 0.9466967582702637,
  "semantic_normalized_k_recall_curve_auc": 0.9466967582702637,
  "n_text_neighbors": 10,
  "n_queries": 2987,
  "evaluation_impl": "experiments.semantic_model_eval.run_embedding_semantic_evaluations",
  "embedding_space": "pretrained_neurovlm_infonce",
  "macro_retrieval_normalized_k_recall_curve_auc": 0.9183489829301834,
  "macro_normalized_k_recall_curve_auc": 0.9183489829301834,
  "macro_retrieval_normalized_k_auc_components": [
    "exact_pmid_normalized_k_recall_curve_auc",
    "mesh_normalized_k_recall_curve_auc",
    "semantic_normalized_k_recall_curve_auc",
    "network_term_normalized_k_recall_curve_auc"
  ],
  "network_accuracy": 0.7899159663865546,
  "network_top_2_accuracy": 0.9243697478991597,
  "network_macro_auc": 0.9628410844281232,
  "network_term_paper_recall_curve_auc": 0.9903146624565125,
  "network_term_normalized_k_recall_curve_auc": 0.9903146624565125,
  "network_term_recall@5": 0.907563025210084,
  "network_term_recall@10": 0.9747899159663865,
  "network_term_recall@20": 1.0,
  "network_term_map": 0.5843638045151558,
  "network_term_mrr": 0.8065125307882937,
  "network_term_ndcg@10": 0.6463493365006386,
  "network_term_median_best_true_term_rank": 1.0,
  "network_term_n_candidate_terms": 118
}