{
  "model": "pretrained_neurovlm_mlp",
  "n_test_pmids": 2987,
  "exact_pmid_paper_recall_curve_auc": 0.8337094187736511,
  "exact_pmid_recall@1": 0.010378305800259113,
  "exact_pmid_recall@5": 0.05189153179526329,
  "exact_pmid_recall@10": 0.09306997060775757,
  "exact_pmid_recall@50": 0.24137930572032928,
  "exact_pmid_mrr": 0.03966842219233513,
  "exact_pmid_median_rank": 217.0,
  "network_accuracy": 0.7899159663865546,
  "network_top_2_accuracy": 0.9243697478991597,
  "network_macro_auc": 0.9628410844281232,
  "network_term_recall@5": 0.907563025210084,
  "network_term_recall@10": 0.9747899159663865,
  "network_term_recall@20": 1.0,
  "network_term_map": 0.5843638045151558,
  "network_term_mrr": 0.8065125307882937,
  "network_term_ndcg@10": 0.6463493365006386,
  "network_term_median_best_true_term_rank": 1.0,
  "network_term_n_candidate_terms": 118,
  "mesh_recall@5": 0.11959183673469388,
  "mesh_recall@10": 0.17551020408163265,
  "mesh_map": 0.023104685187092706,
  "mesh_mrr": 0.08431164401859435,
  "mesh_median_best_true_term_rank": 131.5,
  "semantic_recall@10": 0.25610980917308335,
  "semantic_recall@50": 0.4864412453967191,
  "semantic_mrr": 0.12657618453539285,
  "semantic_paper_style_recall_curve_auc": 0.9296663999557495,
  "n_text_neighbors": 10,
  "n_queries": 2987
}