{
  "model": "pretrained_neurovlm_mlp",
  "n_test_pmids": 2987,
  "exact_pmid_paper_recall_curve_auc": 0.8337094187736511,
  "exact_pmid_recall@1": 0.010378305800259113,
  "exact_pmid_recall@5": 0.05189153179526329,
  "exact_pmid_recall@10": 0.09306997060775757,
  "exact_pmid_recall@50": 0.24137930572032928,
  "exact_pmid_mrr": 0.03966842219233513,
  "exact_pmid_median_rank": 217.0,
  "network_accuracy": 0.7899159663865546,
  "network_top_2_accuracy": 0.9243697478991597,
  "network_macro_auc": 0.9628410844281232,
  "mesh_recall@5": 0.10485516115871073,
  "mesh_recall@10": 0.16115871073031415,
  "mesh_map": 0.009693946033496213,
  "mesh_mrr": 0.07433220592212483,
  "mesh_median_best_true_term_rank": 167.0,
  "semantic_recall@10": 0.25610980917308335,
  "semantic_recall@50": 0.4864412453967191,
  "semantic_mrr": 0.12657618453539285,
  "semantic_paper_style_recall_curve_auc": 0.9296663999557495,
  "n_text_neighbors": 10,
  "n_queries": 2987
}